{"cameraMode":{"drawMode":0,"name":"Shaded","section":"Shading Mode"},"sceneLighting":true,"audioPlay":false,"sceneViewState":{"m_AlwaysRefresh":false,"showFog":true,"showSkybox":true,"showFlares":true,"showImageEffects":true,"showParticleSystems":true,"showVisualEffectGraphs":true,"m_FxEnabled":true},"in2DMode":false,"pivot":{"x":-0.05126327648758888,"y":-6.870896339416504,"z":2.8943984508514406},"rotation":{"x":0.7304633259773254,"y":0.00020230244263075292,"z":-0.00021666868997272104,"w":0.6829528212547302},"size":8.932467460632325,"orthographic":true}